70BCSV 	
// AQ6370B OPTICAL SPECTRUM ANALYZER //                 
25
"CTRWL",1064.000000
"SPAN",  15.000000
"START WL",1056.500000
"STOP WL",1071.500000
"WLFREQ", 0
"REFL",-17.3
"LSCL",10.0
"RESLN",0.020
"AVG",   1
"SMPLAUTO",      1
"SMPL",       3801
"SMPLINTVL",0.0039
"NORMAL"
"MEAS"
"LSUNT",0
"NMSKH","OFF"
"RESCOR",0
"RESPARM", 9025
"FREQPARM", 9025






"[TRACE DATA]"
1056.5000, -67.808
1056.5039, -67.226
1056.5079, -66.084
1056.5118, -66.288
1056.5158, -69.431
1056.5197, -67.136
1056.5237, -70.466
1056.5276, -67.812
1056.5316, -66.960
1056.5355, -66.021
1056.5395, -65.810
1056.5434, -67.789
1056.5474, -75.378
1056.5513, -66.961
1056.5553, -65.452
1056.5592, -66.157
1056.5632, -73.276
1056.5671, -66.376
1056.5711, -67.012
1056.5750, -69.680
1056.5789, -67.258
1056.5829, -65.001
1056.5868, -65.868
1056.5908, -70.554
1056.5947, -66.680
1056.5987, -66.177
1056.6026, -64.615
1056.6066, -67.980
1056.6105, -66.075
1056.6145, -67.945
1056.6184, -67.377
1056.6224, -65.320
1056.6263, -66.896
1056.6303, -65.291
1056.6342, -69.781
1056.6382, -65.505
1056.6421, -69.106
1056.6461, -67.848
1056.6500, -69.761
1056.6539, -71.716
1056.6579, -66.936
1056.6618, -70.031
1056.6658, -66.982
1056.6697, -64.963
1056.6737, -69.868
1056.6776, -65.708
1056.6816, -66.841
1056.6855, -67.700
1056.6895, -68.270
1056.6934, -64.923
1056.6974, -67.463
1056.7013, -68.066
1056.7053, -68.226
1056.7092, -65.013
1056.7132, -70.278
1056.7171, -65.054
1056.7211, -70.352
1056.7250, -66.840
1056.7289, -68.461
1056.7329, -67.184
1056.7368, -67.636
1056.7408,-210.000
1056.7447, -66.196
1056.7487, -67.250
1056.7526, -67.637
1056.7566, -67.049
1056.7605, -67.926
1056.7645, -65.796
1056.7684, -66.245
1056.7724, -70.732
1056.7763, -68.424
1056.7803, -66.115
1056.7842, -67.414
1056.7882, -65.720
1056.7921, -68.789
1056.7961, -68.145
1056.8000, -68.485
1056.8039, -67.799
1056.8079, -73.000
1056.8118, -68.647
1056.8158, -67.165
1056.8197, -64.771
1056.8237, -66.843
1056.8276, -64.931
1056.8316, -66.015
1056.8355, -75.863
1056.8395, -65.868
1056.8434, -66.368
1056.8474, -69.821
1056.8513, -66.281
1056.8553, -65.989
1056.8592, -70.566
1056.8632, -66.823
1056.8671, -71.254
1056.8711, -66.458
1056.8750, -65.357
1056.8789, -67.082
1056.8829, -64.848
1056.8868, -67.688
1056.8908, -67.077
1056.8947, -70.562
1056.8987, -67.686
1056.9026, -64.951
1056.9066,-210.000
1056.9105, -66.874
1056.9145, -73.990
1056.9184, -69.379
1056.9224, -63.871
1056.9263, -72.207
1056.9303, -64.820
1056.9342, -66.516
1056.9382, -68.317
1056.9421, -66.014
1056.9461, -65.538
1056.9500, -67.159
1056.9539, -67.854
1056.9579, -66.436
1056.9618, -65.758
1056.9658, -66.173
1056.9697, -66.358
1056.9737, -67.772
1056.9776, -66.988
1056.9816, -68.431
1056.9855, -69.825
1056.9895, -69.326
1056.9934, -70.651
1056.9974, -65.666
1057.0013, -68.670
1057.0053, -70.153
1057.0092, -64.405
1057.0132, -66.981
1057.0171, -66.956
1057.0211, -66.670
1057.0250, -69.325
1057.0289, -67.824
1057.0329, -67.727
1057.0368, -67.821
1057.0408, -67.305
1057.0447, -68.950
1057.0487, -65.441
1057.0526, -67.256
1057.0566, -67.808
1057.0605, -71.488
1057.0645, -69.607
1057.0684, -69.282
1057.0724, -66.097
1057.0763, -68.656
1057.0803, -66.398
1057.0842, -66.276
1057.0882, -68.379
1057.0921, -66.635
1057.0961, -69.840
1057.1000, -66.212
1057.1039, -66.339
1057.1079, -77.240
1057.1118, -68.232
1057.1158, -67.664
1057.1197, -69.200
1057.1237, -70.745
1057.1276, -65.611
1057.1316, -68.006
1057.1355, -67.162
1057.1395, -68.223
1057.1434, -66.834
1057.1474, -65.396
1057.1513, -73.392
1057.1553, -64.290
1057.1592, -70.957
1057.1632, -66.546
1057.1671, -69.781
1057.1711, -65.952
1057.1750, -70.051
1057.1789,-210.000
1057.1829, -64.760
1057.1868, -69.576
1057.1908, -68.016
1057.1947, -65.777
1057.1987, -74.277
1057.2026, -64.853
1057.2066, -67.984
1057.2105, -65.506
1057.2145, -65.789
1057.2184, -70.911
1057.2224, -67.443
1057.2263, -64.964
1057.2303, -68.348
1057.2342, -69.245
1057.2382, -67.266
1057.2421, -66.346
1057.2461, -66.739
1057.2500, -65.755
1057.2539, -72.213
1057.2579, -71.573
1057.2618, -65.842
1057.2658, -69.334
1057.2697, -67.785
1057.2737, -66.105
1057.2776, -68.157
1057.2816, -64.128
1057.2855, -69.221
1057.2895, -67.427
1057.2934, -67.390
1057.2974, -67.971
1057.3013, -67.703
1057.3053, -66.379
1057.3092, -67.621
1057.3132, -64.319
1057.3171, -66.456
1057.3211, -67.029
1057.3250, -67.433
1057.3289, -67.269
1057.3329, -65.272
1057.3368, -69.596
1057.3408, -64.239
1057.3447, -70.444
1057.3487, -65.329
1057.3526, -74.283
1057.3566, -66.022
1057.3605, -67.738
1057.3645, -68.611
1057.3684, -66.881
1057.3724, -66.637
1057.3763, -67.531
1057.3803, -67.516
1057.3842, -66.945
1057.3882, -70.113
1057.3921, -65.885
1057.3961, -66.926
1057.4000, -64.359
1057.4039, -67.339
1057.4079, -67.691
1057.4118, -67.664
1057.4158, -65.855
1057.4197, -66.086
1057.4237, -66.463
1057.4276, -66.292
1057.4316, -67.855
1057.4355, -66.753
1057.4395, -67.248
1057.4434, -67.250
1057.4474, -64.029
1057.4513, -75.548
1057.4553, -66.575
1057.4592, -67.805
1057.4632, -68.108
1057.4671, -72.707
1057.4711, -71.166
1057.4750, -67.176
1057.4789, -68.186
1057.4829, -67.053
1057.4868, -93.354
1057.4908, -65.921
1057.4947,-210.000
1057.4987, -67.162
1057.5026, -68.196
1057.5066, -67.910
1057.5105, -66.719
1057.5145, -67.384
1057.5184, -66.225
1057.5224, -66.459
1057.5263, -66.429
1057.5303, -67.512
1057.5342, -65.811
1057.5382, -65.138
1057.5421, -65.504
1057.5461, -66.418
1057.5500, -64.098
1057.5539, -65.055
1057.5579, -65.794
1057.5618, -67.045
1057.5658, -66.324
1057.5697, -64.803
1057.5737, -66.061
1057.5776, -66.804
1057.5816, -66.182
1057.5855, -64.767
1057.5895, -66.146
1057.5934, -68.361
1057.5974, -67.663
1057.6013, -67.494
1057.6053, -68.911
1057.6092, -65.723
1057.6132, -64.800
1057.6171, -67.339
1057.6211, -66.656
1057.6250, -66.736
1057.6289, -65.620
1057.6329, -64.475
1057.6368, -64.898
1057.6408, -64.384
1057.6447, -63.066
1057.6487, -61.696
1057.6526, -61.399
1057.6566, -61.731
1057.6605, -61.464
1057.6645, -61.926
1057.6684, -62.056
1057.6724, -62.382
1057.6763, -63.794
1057.6803, -64.746
1057.6842, -64.471
1057.6882, -65.786
1057.6921, -66.055
1057.6961, -69.963
1057.7000, -67.128
1057.7039, -67.243
1057.7079, -68.074
1057.7118, -67.892
1057.7158, -66.934
1057.7197, -70.735
1057.7237, -65.064
1057.7276, -70.018
1057.7316, -65.946
1057.7355, -64.252
1057.7395, -65.143
1057.7434, -62.684
1057.7474, -62.168
1057.7513, -59.808
1057.7553, -58.568
1057.7592, -57.834
1057.7632, -56.853
1057.7671, -56.987
1057.7711, -56.515
1057.7750, -56.860
1057.7789, -57.276
1057.7829, -57.796
1057.7868, -59.256
1057.7908, -60.047
1057.7947, -61.362
1057.7987, -62.699
1057.8026, -63.928
1057.8066, -65.337
1057.8105, -65.504
1057.8145, -65.293
1057.8184, -64.369
1057.8224, -67.652
1057.8263, -64.157
1057.8303, -64.566
1057.8342, -63.502
1057.8382, -64.576
1057.8421, -64.218
1057.8461, -62.158
1057.8500, -61.953
1057.8539, -59.747
1057.8579, -58.150
1057.8618, -55.849
1057.8658, -54.470
1057.8697, -53.082
1057.8737, -52.252
1057.8776, -51.819
1057.8816, -51.490
1057.8855, -51.383
1057.8895, -51.969
1057.8934, -52.537
1057.8974, -53.314
1057.9013, -54.663
1057.9053, -56.187
1057.9092, -57.497
1057.9132, -58.617
1057.9171, -60.516
1057.9211, -61.853
1057.9250, -60.965
1057.9289, -62.014
1057.9329, -61.214
1057.9368, -61.790
1057.9408, -61.296
1057.9447, -61.538
1057.9487, -60.972
1057.9526, -60.814
1057.9566, -59.774
1057.9605, -59.589
1057.9645, -57.435
1057.9684, -54.594
1057.9724, -52.202
1057.9763, -50.354
1057.9803, -48.781
1057.9842, -48.010
1057.9882, -47.125
1057.9921, -46.632
1057.9961, -46.554
1058.0000, -46.719
1058.0039, -47.082
1058.0079, -47.982
1058.0118, -49.141
1058.0158, -50.375
1058.0197, -51.966
1058.0237, -53.092
1058.0276, -55.067
1058.0316, -57.054
1058.0355, -57.704
1058.0395, -57.968
1058.0434, -58.290
1058.0474, -58.363
1058.0513, -58.012
1058.0553, -58.156
1058.0592, -57.223
1058.0632, -56.807
1058.0671, -55.912
1058.0711, -55.392
1058.0750, -53.571
1058.0789, -51.150
1058.0829, -48.396
1058.0868, -46.212
1058.0908, -44.956
1058.0947, -43.481
1058.0987, -42.573
1058.1026, -42.015
1058.1066, -41.765
1058.1105, -41.812
1058.1145, -42.347
1058.1184, -43.133
1058.1224, -44.249
1058.1263, -45.611
1058.1303, -46.644
1058.1342, -48.477
1058.1382, -50.196
1058.1421, -51.755
1058.1461, -53.195
1058.1500, -53.869
1058.1539, -54.106
1058.1579, -54.209
1058.1618, -54.105
1058.1658, -54.122
1058.1697, -53.940
1058.1737, -52.974
1058.1776, -52.138
1058.1816, -51.376
1058.1855, -50.300
1058.1895, -47.892
1058.1934, -45.276
1058.1974, -43.433
1058.2013, -41.061
1058.2053, -39.561
1058.2092, -38.492
1058.2132, -37.780
1058.2171, -37.480
1058.2211, -37.376
1058.2250, -37.615
1058.2289, -38.254
1058.2329, -39.226
1058.2368, -40.122
1058.2408, -41.773
1058.2447, -43.440
1058.2487, -45.108
1058.2526, -46.910
1058.2566, -48.144
1058.2605, -49.497
1058.2645, -50.052
1058.2684, -49.972
1058.2724, -49.995
1058.2763, -50.009
1058.2803, -49.940
1058.2842, -49.342
1058.2882, -48.380
1058.2921, -47.668
1058.2961, -46.917
1058.3000, -44.674
1058.3039, -42.111
1058.3079, -39.393
1058.3118, -37.275
1058.3158, -35.631
1058.3197, -34.489
1058.3237, -33.936
1058.3276, -33.415
1058.3316, -33.262
1058.3355, -33.471
1058.3395, -33.980
1058.3434, -34.564
1058.3474, -35.848
1058.3513, -37.315
1058.3553, -38.931
1058.3592, -40.705
1058.3632, -41.918
1058.3671, -43.822
1058.3711, -45.310
1058.3750, -45.915
1058.3789, -46.056
1058.3829, -46.019
1058.3868, -46.181
1058.3908, -46.211
1058.3947, -45.674
1058.3987, -44.793
1058.4026, -44.254
1058.4066, -43.268
1058.4105, -41.793
1058.4145, -39.221
1058.4184, -36.643
1058.4224, -34.266
1058.4263, -32.505
1058.4303, -31.516
1058.4342, -30.399
1058.4382, -29.791
1058.4421, -29.557
1058.4461, -29.596
1058.4500, -29.872
1058.4539, -30.723
1058.4579, -31.824
1058.4618, -33.180
1058.4658, -34.767
1058.4697, -35.938
1058.4737, -37.866
1058.4776, -39.721
1058.4816, -41.266
1058.4855, -42.294
1058.4895, -42.485
1058.4934, -42.479
1058.4974, -42.586
1058.5013, -42.697
1058.5053, -42.363
1058.5092, -41.782
1058.5132, -40.789
1058.5171, -39.997
1058.5211, -38.421
1058.5250, -36.053
1058.5289, -33.963
1058.5329, -31.042
1058.5368, -29.164
1058.5408, -27.781
1058.5447, -26.830
1058.5487, -26.316
1058.5526, -26.108
1058.5566, -26.220
1058.5605, -26.761
1058.5645, -27.641
1058.5684, -28.874
1058.5724, -30.461
1058.5763, -31.726
1058.5803, -33.513
1058.5842, -35.090
1058.5882, -36.696
1058.5921, -38.267
1058.5961, -39.050
1058.6000, -39.495
1058.6039, -39.494
1058.6079, -39.630
1058.6118, -39.786
1058.6158, -39.633
1058.6197, -38.798
1058.6237, -37.934
1058.6276, -37.084
1058.6316, -35.707
1058.6355, -33.937
1058.6395, -30.779
1058.6434, -28.446
1058.6474, -26.425
1058.6513, -24.904
1058.6553, -24.191
1058.6592, -23.551
1058.6632, -23.266
1058.6671, -23.364
1058.6711, -23.764
1058.6750, -24.554
1058.6789, -25.618
1058.6829, -26.594
1058.6868, -28.497
1058.6908, -30.408
1058.6947, -32.298
1058.6987, -34.127
1058.7026, -35.144
1058.7066, -36.348
1058.7105, -36.689
1058.7145, -36.729
1058.7184, -36.919
1058.7224, -37.094
1058.7263, -36.825
1058.7303, -36.107
1058.7342, -35.335
1058.7382, -34.605
1058.7421, -33.706
1058.7461, -30.993
1058.7500, -28.335
1058.7539, -25.742
1058.7579, -23.825
1058.7618, -22.846
1058.7658, -21.765
1058.7697, -21.117
1058.7737, -20.865
1058.7776, -20.898
1058.7816, -21.307
1058.7855, -22.033
1058.7895, -22.820
1058.7934, -24.361
1058.7974, -25.963
1058.8013, -27.628
1058.8053, -29.451
1058.8092, -30.849
1058.8132, -32.830
1058.8171, -34.009
1058.8211, -34.377
1058.8250, -34.479
1058.8289, -34.627
1058.8329, -34.940
1058.8368, -34.890
1058.8408, -34.210
1058.8447, -33.441
1058.8487, -32.931
1058.8526, -31.493
1058.8566, -29.403
1058.8605, -26.454
1058.8645, -24.031
1058.8684, -22.639
1058.8724, -21.027
1058.8763, -19.965
1058.8803, -19.313
1058.8842, -18.970
1058.8882, -18.953
1058.8921, -19.331
1058.8961, -20.026
1058.9000, -21.086
1058.9039, -22.464
1058.9079, -23.971
1058.9118, -25.718
1058.9158, -27.021
1058.9197, -29.306
1058.9237, -31.299
1058.9276, -32.256
1058.9316, -32.710
1058.9355, -32.782
1058.9395, -33.044
1058.9434, -33.394
1058.9474, -33.339
1058.9513, -32.802
1058.9553, -32.274
1058.9592, -31.486
1058.9632, -30.481
1058.9671, -27.890
1058.9711, -25.126
1058.9750, -23.458
1058.9789, -21.200
1058.9829, -19.766
1058.9868, -18.719
1058.9908, -18.030
1058.9947, -17.766
1058.9987, -17.710
1059.0026, -18.006
1059.0066, -18.737
1059.0105, -19.807
1059.0145, -21.182
1059.0184, -22.748
1059.0224, -23.911
1059.0263, -25.885
1059.0303, -27.732
1059.0342, -29.502
1059.0382, -30.958
1059.0421, -31.620
1059.0461, -31.869
1059.0500, -32.065
1059.0539, -32.451
1059.0579, -32.700
1059.0618, -32.492
1059.0658, -31.785
1059.0697, -31.173
1059.0737, -30.192
1059.0776, -28.422
1059.0816, -26.512
1059.0855, -23.415
1059.0895, -21.488
1059.0934, -19.933
1059.0974, -18.683
1059.1013, -17.877
1059.1053, -17.381
1059.1092, -17.249
1059.1132, -17.396
1059.1171, -17.853
1059.1211, -18.682
1059.1250, -19.844
1059.1289, -20.896
1059.1329, -22.721
1059.1368, -24.493
1059.1408, -26.331
1059.1447, -28.397
1059.1487, -29.879
1059.1526, -31.155
1059.1566, -31.458
1059.1605, -31.688
1059.1645, -32.107
1059.1684, -32.561
1059.1724, -32.633
1059.1763, -32.327
1059.1803, -31.718
1059.1842, -31.168
1059.1882, -29.885
1059.1921, -27.896
1059.1961, -25.968
1059.2000, -23.174
1059.2039, -21.413
1059.2079, -19.919
1059.2118, -18.850
1059.2158, -18.339
1059.2197, -17.881
1059.2237, -17.800
1059.2276, -18.100
1059.2316, -18.710
1059.2355, -19.364
1059.2395, -20.734
1059.2434, -22.214
1059.2474, -23.863
1059.2513, -25.860
1059.2553, -27.884
1059.2592, -30.168
1059.2632, -31.334
1059.2671, -32.023
1059.2711, -32.331
1059.2750, -32.785
1059.2789, -33.382
1059.2829, -33.673
1059.2868, -33.535
1059.2908, -33.142
1059.2947, -32.731
1059.2987, -31.992
1059.3026, -30.770
1059.3066, -27.802
1059.3105, -25.125
1059.3145, -23.078
1059.3184, -21.728
1059.3224, -20.669
1059.3263, -19.997
1059.3303, -19.738
1059.3342, -19.679
1059.3382, -19.971
1059.3421, -20.699
1059.3461, -21.786
1059.3500, -22.763
1059.3539, -24.521
1059.3579, -26.287
1059.3618, -28.060
1059.3658, -30.186
1059.3697, -31.658
1059.3737, -33.257
1059.3776, -34.223
1059.3816, -34.658
1059.3855, -35.071
1059.3895, -35.699
1059.3934, -36.345
1059.3974, -36.578
1059.4013, -36.499
1059.4053, -36.302
1059.4092, -35.915
1059.4132, -34.880
1059.4171, -33.465
1059.4211, -30.754
1059.4250, -28.627
1059.4289, -26.826
1059.4329, -25.402
1059.4368, -24.672
1059.4408, -23.960
1059.4447, -23.629
1059.4487, -23.676
1059.4526, -24.004
1059.4566, -24.455
1059.4605, -25.491
1059.4645, -26.716
1059.4684, -28.165
1059.4724, -30.131
1059.4763, -32.201
1059.4803, -34.047
1059.4842, -35.333
1059.4882, -36.981
1059.4921, -37.732
1059.4961, -38.120
1059.5000, -38.633
1059.5039, -39.099
1059.5079, -39.576
1059.5118, -39.560
1059.5158, -39.229
1059.5197, -38.909
1059.5237, -38.424
1059.5276, -36.395
1059.5316, -34.017
1059.5355, -31.535
1059.5395, -29.572
1059.5434, -28.058
1059.5474, -27.014
1059.5513, -26.537
1059.5553, -26.129
1059.5592, -26.128
1059.5632, -26.491
1059.5671, -27.185
1059.5711, -27.909
1059.5750, -29.534
1059.5789, -31.287
1059.5829, -32.748
1059.5868, -34.312
1059.5908, -35.513
1059.5947, -37.288
1059.5987, -38.504
1059.6026, -38.840
1059.6066, -38.792
1059.6105, -38.791
1059.6145, -38.924
1059.6184, -38.828
1059.6224, -38.098
1059.6263, -37.182
1059.6303, -36.304
1059.6342, -35.150
1059.6382, -33.552
1059.6421, -30.326
1059.6461, -27.857
1059.6500, -25.679
1059.6539, -24.149
1059.6579, -23.412
1059.6618, -22.618
1059.6658, -22.202
1059.6697, -22.173
1059.6737, -22.453
1059.6776, -22.901
1059.6816, -24.009
1059.6855, -25.302
1059.6895, -26.788
1059.6934, -28.459
1059.6974, -30.179
1059.7013, -32.137
1059.7053, -33.408
1059.7092, -34.910
1059.7132, -35.631
1059.7171, -35.672
1059.7211, -35.740
1059.7250, -35.905
1059.7289, -35.944
1059.7329, -35.424
1059.7368, -34.553
1059.7408, -33.806
1059.7447, -33.158
1059.7487, -31.088
1059.7526, -28.617
1059.7566, -25.765
1059.7605, -23.579
1059.7645, -22.031
1059.7684, -20.908
1059.7724, -20.339
1059.7763, -19.844
1059.7803, -19.743
1059.7842, -20.056
1059.7882, -20.707
1059.7921, -21.459
1059.7961, -23.019
1059.8000, -24.699
1059.8039, -26.437
1059.8079, -28.251
1059.8118, -29.453
1059.8158, -31.477
1059.8197, -33.143
1059.8237, -34.001
1059.8276, -34.370
1059.8316, -34.506
1059.8355, -34.934
1059.8395, -35.352
1059.8434, -35.291
1059.8474, -34.851
1059.8513, -34.330
1059.8553, -33.731
1059.8592, -32.856
1059.8632, -30.222
1059.8671, -27.647
1059.8711, -25.068
1059.8750, -23.250
1059.8789, -22.349
1059.8829, -21.256
1059.8868, -20.615
1059.8908, -20.320
1059.8947, -20.299
1059.8987, -20.519
1059.9026, -21.254
1059.9066, -22.238
1059.9105, -23.470
1059.9145, -24.974
1059.9184, -26.704
1059.9224, -28.810
1059.9263, -30.458
1059.9303, -32.823
1059.9342, -34.100
1059.9382, -34.590
1059.9421, -35.039
1059.9461, -35.506
1059.9500, -36.219
1059.9539, -36.501
1059.9579, -36.309
1059.9618, -36.034
1059.9658, -35.786
1059.9697, -34.539
1059.9737, -32.483
1059.9776, -29.799
1059.9816, -27.680
1059.9855, -26.344
1059.9895, -24.718
1059.9934, -23.892
1059.9974, -23.432
1060.0013, -23.239
1060.0053, -23.433
1060.0092, -23.950
1060.0132, -24.567
1060.0171, -25.959
1060.0211, -27.503
1060.0250, -29.328
1060.0289, -31.386
1060.0329, -32.475
1060.0368, -34.401
1060.0408, -36.107
1060.0447, -37.271
1060.0487, -37.894
1060.0526, -38.079
1060.0566, -38.542
1060.0605, -39.085
1060.0645, -39.282
1060.0684, -39.033
1060.0724, -38.563
1060.0763, -38.077
1060.0803, -37.440
1060.0842, -35.274
1060.0882, -32.857
1060.0921, -30.387
1060.0961, -28.490
1060.1000, -27.380
1060.1039, -26.079
1060.1079, -25.360
1060.1118, -25.086
1060.1158, -25.074
1060.1197, -25.284
1060.1237, -25.994
1060.1276, -26.988
1060.1316, -28.354
1060.1355, -30.180
1060.1395, -31.965
1060.1434, -33.513
1060.1474, -34.525
1060.1513, -36.233
1060.1553, -37.526
1060.1592, -38.073
1060.1632, -38.125
1060.1671, -38.081
1060.1711, -38.206
1060.1750, -38.218
1060.1789, -37.593
1060.1829, -36.658
1060.1868, -36.047
1060.1908, -34.970
1060.1947, -33.401
1060.1987, -30.754
1060.2026, -28.196
1060.2066, -26.383
1060.2105, -24.102
1060.2145, -22.882
1060.2184, -22.126
1060.2224, -21.666
1060.2263, -21.576
1060.2303, -21.768
1060.2342, -22.140
1060.2382, -23.156
1060.2421, -24.477
1060.2461, -26.041
1060.2500, -27.804
1060.2539, -29.091
1060.2579, -31.181
1060.2618, -32.994
1060.2658, -34.388
1060.2697, -35.483
1060.2737, -35.782
1060.2776, -35.907
1060.2816, -36.108
1060.2855, -36.419
1060.2895, -36.442
1060.2934, -35.892
1060.2974, -35.214
1060.3013, -34.735
1060.3053, -33.412
1060.3092, -31.463
1060.3132, -28.766
1060.3171, -26.374
1060.3211, -24.838
1060.3250, -23.081
1060.3289, -22.014
1060.3329, -21.256
1060.3368, -20.793
1060.3408, -20.684
1060.3447, -20.851
1060.3487, -21.327
1060.3526, -22.182
1060.3566, -23.321
1060.3605, -24.263
1060.3645, -25.985
1060.3684, -27.821
1060.3724, -29.872
1060.3763, -32.291
1060.3803, -33.864
1060.3842, -34.778
1060.3882, -35.084
1060.3921, -35.508
1060.3961, -36.069
1060.4000, -36.590
1060.4039, -36.736
1060.4079, -36.495
1060.4118, -36.047
1060.4158, -35.564
1060.4197, -34.225
1060.4237, -32.213
1060.4276, -30.482
1060.4316, -27.602
1060.4355, -25.706
1060.4395, -24.508
1060.4434, -23.634
1060.4474, -23.124
1060.4513, -22.902
1060.4553, -22.966
1060.4592, -23.441
1060.4632, -24.180
1060.4671, -25.252
1060.4711, -26.636
1060.4750, -27.764
1060.4789, -29.737
1060.4829, -31.693
1060.4868, -33.431
1060.4908, -35.202
1060.4947, -36.277
1060.4987, -37.301
1060.5026, -37.702
1060.5066, -38.037
1060.5105, -38.524
1060.5145, -38.935
1060.5184, -38.945
1060.5224, -38.642
1060.5263, -38.110
1060.5303, -37.535
1060.5342, -36.082
1060.5382, -33.987
1060.5421, -32.188
1060.5461, -29.591
1060.5500, -27.812
1060.5539, -26.416
1060.5579, -25.410
1060.5618, -24.973
1060.5658, -24.681
1060.5697, -24.720
1060.5737, -25.113
1060.5776, -25.772
1060.5816, -26.430
1060.5855, -27.770
1060.5895, -29.254
1060.5934, -30.959
1060.5974, -32.853
1060.6013, -34.580
1060.6053, -36.300
1060.6092, -37.192
1060.6132, -37.779
1060.6171, -37.838
1060.6211, -37.988
1060.6250, -38.224
1060.6289, -38.211
1060.6329, -37.525
1060.6368, -36.716
1060.6408, -35.924
1060.6447, -34.811
1060.6487, -33.389
1060.6526, -30.394
1060.6566, -27.961
1060.6605, -25.717
1060.6645, -24.121
1060.6684, -23.088
1060.6724, -22.347
1060.6763, -21.989
1060.6803, -21.771
1060.6842, -21.896
1060.6882, -22.416
1060.6921, -23.248
1060.6961, -24.029
1060.7000, -25.520
1060.7039, -27.121
1060.7079, -28.842
1060.7118, -30.936
1060.7158, -32.501
1060.7197, -34.441
1060.7237, -35.453
1060.7276, -35.783
1060.7316, -36.022
1060.7355, -36.303
1060.7395, -36.733
1060.7434, -36.745
1060.7474, -36.252
1060.7513, -35.701
1060.7553, -35.005
1060.7592, -33.802
1060.7632, -32.258
1060.7671, -29.304
1060.7711, -26.899
1060.7750, -24.877
1060.7789, -23.573
1060.7829, -22.901
1060.7868, -22.028
1060.7908, -21.591
1060.7947, -21.524
1060.7987, -21.731
1060.8026, -22.088
1060.8066, -22.996
1060.8105, -24.117
1060.8145, -25.450
1060.8184, -27.042
1060.8224, -29.105
1060.8263, -31.540
1060.8303, -32.830
1060.8342, -34.719
1060.8382, -35.651
1060.8421, -36.097
1060.8461, -36.604
1060.8500, -37.075
1060.8539, -37.632
1060.8579, -37.704
1060.8618, -37.439
1060.8658, -37.170
1060.8697, -36.865
1060.8737, -35.428
1060.8776, -33.337
1060.8816, -30.797
1060.8855, -28.710
1060.8895, -26.991
1060.8934, -25.622
1060.8974, -24.962
1060.9013, -24.316
1060.9053, -24.019
1060.9092, -24.080
1060.9132, -24.425
1060.9171, -24.908
1060.9211, -26.062
1060.9250, -27.392
1060.9289, -28.901
1060.9329, -30.755
1060.9368, -32.204
1060.9408, -34.442
1060.9447, -36.201
1060.9487, -37.169
1060.9526, -37.605
1060.9566, -37.785
1060.9605, -38.223
1060.9645, -38.598
1060.9684, -38.491
1060.9724, -38.019
1060.9763, -37.445
1060.9803, -36.816
1060.9842, -35.982
1060.9882, -33.549
1060.9921, -31.106
1060.9961, -28.728
1061.0000, -26.769
1061.0039, -25.639
1061.0079, -24.431
1061.0118, -23.668
1061.0158, -23.135
1061.0197, -22.900
1061.0237, -22.989
1061.0276, -23.457
1061.0316, -24.118
1061.0355, -25.112
1061.0395, -26.456
1061.0434, -28.074
1061.0474, -30.181
1061.0513, -31.874
1061.0553, -34.041
1061.0592, -35.512
1061.0632, -36.110
1061.0671, -36.367
1061.0711, -36.603
1061.0750, -37.075
1061.0789, -37.204
1061.0829, -36.745
1061.0868, -36.150
1061.0908, -35.567
1061.0947, -34.711
1061.0987, -33.554
1061.1026, -30.826
1061.1066, -28.439
1061.1105, -26.182
1061.1145, -24.463
1061.1184, -23.583
1061.1224, -22.586
1061.1263, -21.896
1061.1303, -21.523
1061.1342, -21.441
1061.1382, -21.748
1061.1421, -22.336
1061.1461, -22.974
1061.1500, -24.279
1061.1539, -25.739
1061.1579, -27.449
1061.1618, -29.526
1061.1658, -31.256
1061.1697, -33.598
1061.1737, -34.926
1061.1776, -35.527
1061.1816, -35.973
1061.1855, -36.403
1061.1895, -37.100
1061.1934, -37.388
1061.1974, -37.206
1061.2013, -36.932
1061.2053, -36.593
1061.2092, -35.796
1061.2132, -34.552
1061.2171, -31.806
1061.2211, -29.616
1061.2250, -27.474
1061.2289, -25.883
1061.2329, -25.145
1061.2368, -24.191
1061.2408, -23.620
1061.2447, -23.369
1061.2487, -23.409
1061.2526, -23.805
1061.2566, -24.474
1061.2605, -25.156
1061.2645, -26.574
1061.2684, -28.156
1061.2724, -29.967
1061.2763, -32.262
1061.2803, -33.824
1061.2842, -35.719
1061.2882, -36.757
1061.2921, -37.156
1061.2961, -37.575
1061.3000, -38.117
1061.3039, -38.509
1061.3079, -38.489
1061.3118, -38.098
1061.3158, -37.722
1061.3197, -37.152
1061.3237, -36.001
1061.3276, -34.545
1061.3316, -31.822
1061.3355, -29.687
1061.3395, -27.757
1061.3434, -26.248
1061.3474, -25.333
1061.3513, -24.317
1061.3553, -23.749
1061.3592, -23.523
1061.3632, -23.595
1061.3671, -24.012
1061.3711, -24.663
1061.3750, -25.295
1061.3789, -26.663
1061.3829, -28.296
1061.3868, -30.231
1061.3908, -32.609
1061.3947, -34.105
1061.3987, -35.684
1061.4026, -36.458
1061.4066, -36.755
1061.4105, -37.128
1061.4145, -37.568
1061.4184, -37.726
1061.4224, -37.463
1061.4263, -36.836
1061.4303, -36.320
1061.4342, -35.447
1061.4382, -33.944
1061.4421, -32.371
1061.4461, -29.660
1061.4500, -27.546
1061.4539, -25.594
1061.4579, -24.167
1061.4618, -23.402
1061.4658, -22.473
1061.4697, -21.953
1061.4737, -21.798
1061.4776, -21.915
1061.4816, -22.356
1061.4855, -23.031
1061.4895, -23.686
1061.4934, -25.091
1061.4974, -26.692
1061.5013, -28.904
1061.5053, -31.642
1061.5092, -32.910
1061.5132, -34.643
1061.5171, -35.445
1061.5211, -35.895
1061.5250, -36.462
1061.5289, -37.133
1061.5329, -37.582
1061.5368, -37.588
1061.5408, -37.411
1061.5447, -37.250
1061.5487, -36.742
1061.5526, -35.551
1061.5566, -34.175
1061.5605, -31.685
1061.5645, -29.693
1061.5684, -27.923
1061.5724, -26.459
1061.5763, -25.148
1061.5803, -24.248
1061.5842, -23.814
1061.5882, -23.421
1061.5921, -23.399
1061.5961, -23.744
1061.6000, -24.353
1061.6039, -24.969
1061.6079, -26.273
1061.6118, -27.841
1061.6158, -29.878
1061.6197, -32.438
1061.6237, -34.023
1061.6276, -35.767
1061.6316, -36.548
1061.6355, -36.999
1061.6395, -37.585
1061.6434, -38.170
1061.6474, -38.427
1061.6513, -38.290
1061.6553, -37.943
1061.6592, -37.651
1061.6632, -36.882
1061.6671, -35.306
1061.6711, -33.731
1061.6750, -31.205
1061.6789, -29.317
1061.6829, -27.619
1061.6868, -26.157
1061.6908, -24.977
1061.6947, -24.186
1061.6987, -23.792
1061.7026, -23.493
1061.7066, -23.545
1061.7105, -23.945
1061.7145, -24.614
1061.7184, -25.276
1061.7224, -26.633
1061.7263, -28.239
1061.7303, -30.265
1061.7342, -32.832
1061.7382, -34.801
1061.7421, -36.046
1061.7461, -36.420
1061.7500, -36.835
1061.7539, -37.319
1061.7579, -37.794
1061.7618, -37.933
1061.7658, -37.714
1061.7697, -37.249
1061.7737, -36.890
1061.7776, -36.082
1061.7816, -34.582
1061.7855, -33.041
1061.7895, -30.436
1061.7934, -28.449
1061.7974, -26.609
1061.8013, -25.047
1061.8053, -23.860
1061.8092, -22.970
1061.8132, -22.494
1061.8171, -22.079
1061.8211, -22.031
1061.8250, -22.341
1061.8289, -22.913
1061.8329, -23.508
1061.8368, -24.784
1061.8408, -26.349
1061.8447, -28.344
1061.8487, -30.933
1061.8526, -33.205
1061.8566, -34.741
1061.8605, -35.283
1061.8645, -35.937
1061.8684, -36.642
1061.8724, -37.348
1061.8763, -37.729
1061.8803, -37.707
1061.8842, -37.583
1061.8882, -37.502
1061.8921, -36.977
1061.8961, -35.714
1061.9000, -33.506
1061.9039, -31.314
1061.9079, -29.895
1061.9118, -27.970
1061.9158, -26.562
1061.9197, -25.484
1061.9237, -24.510
1061.9276, -24.138
1061.9316, -23.797
1061.9355, -23.823
1061.9395, -24.245
1061.9434, -24.967
1061.9474, -25.657
1061.9513, -27.065
1061.9553, -28.695
1061.9592, -30.761
1061.9632, -33.294
1061.9671, -35.246
1061.9711, -36.481
1061.9750, -36.879
1061.9789, -37.439
1061.9829, -38.070
1061.9868, -38.487
1061.9908, -38.509
1061.9947, -38.294
1061.9987, -37.932
1062.0026, -37.574
1062.0066, -36.529
1062.0105, -34.782
1062.0145, -32.392
1062.0184, -30.351
1062.0224, -28.998
1062.0263, -27.064
1062.0303, -25.582
1062.0342, -24.459
1062.0382, -23.677
1062.0421, -23.283
1062.0461, -23.068
1062.0500, -23.209
1062.0539, -23.678
1062.0579, -24.429
1062.0618, -25.186
1062.0658, -26.844
1062.0697, -28.847
1062.0737, -31.210
1062.0776, -33.712
1062.0816, -35.195
1062.0855, -36.011
1062.0895, -36.294
1062.0934, -36.895
1062.0974, -37.539
1062.1013, -37.781
1062.1053, -37.617
1062.1092, -37.365
1062.1132, -36.970
1062.1171, -36.464
1062.1211, -35.037
1062.1250, -33.049
1062.1289, -30.714
1062.1329, -28.692
1062.1368, -27.080
1062.1408, -25.255
1062.1447, -24.255
1062.1487, -23.454
1062.1526, -22.838
1062.1566, -22.593
1062.1605, -22.544
1062.1645, -22.816
1062.1684, -23.477
1062.1724, -24.398
1062.1763, -25.634
1062.1803, -27.321
1062.1842, -28.754
1062.1882, -31.522
1062.1921, -34.048
1062.1961, -35.383
1062.2000, -36.122
1062.2039, -36.475
1062.2079, -37.264
1062.2118, -38.002
1062.2158, -38.262
1062.2197, -38.205
1062.2237, -38.106
1062.2276, -37.929
1062.2316, -37.392
1062.2355, -35.746
1062.2395, -33.752
1062.2434, -31.676
1062.2474, -29.886
1062.2513, -28.634
1062.2553, -26.888
1062.2592, -25.598
1062.2632, -24.733
1062.2671, -24.210
1062.2711, -24.040
1062.2750, -24.114
1062.2789, -24.464
1062.2829, -25.156
1062.2868, -26.164
1062.2908, -27.568
1062.2947, -29.357
1062.2987, -30.970
1062.3026, -33.802
1062.3066, -35.744
1062.3105, -36.665
1062.3145, -37.118
1062.3184, -37.443
1062.3224, -38.093
1062.3263, -38.430
1062.3303, -38.194
1062.3342, -37.761
1062.3382, -37.329
1062.3421, -36.711
1062.3461, -35.790
1062.3500, -33.421
1062.3539, -31.166
1062.3579, -28.959
1062.3618, -27.182
1062.3658, -26.028
1062.3697, -24.531
1062.3737, -23.633
1062.3776, -22.983
1062.3816, -22.624
1062.3855, -22.590
1062.3895, -22.862
1062.3934, -23.394
1062.3974, -24.257
1062.4013, -25.429
1062.4053, -26.945
1062.4092, -28.950
1062.4132, -30.787
1062.4171, -33.595
1062.4211, -35.239
1062.4250, -35.947
1062.4289, -36.445
1062.4329, -36.907
1062.4368, -37.708
1062.4408, -38.119
1062.4447, -38.009
1062.4487, -37.804
1062.4526, -37.590
1062.4566, -37.067
1062.4605, -36.138
1062.4645, -33.875
1062.4684, -31.809
1062.4724, -29.762
1062.4763, -28.023
1062.4803, -26.830
1062.4842, -25.238
1062.4882, -24.329
1062.4921, -23.764
1062.4961, -23.391
1062.5000, -23.382
1062.5039, -23.644
1062.5079, -24.041
1062.5118, -25.016
1062.5158, -26.220
1062.5197, -27.739
1062.5237, -30.045
1062.5276, -32.008
1062.5316, -34.245
1062.5355, -35.757
1062.5395, -36.449
1062.5434, -36.940
1062.5474, -37.390
1062.5513, -38.120
1062.5553, -38.436
1062.5592, -38.267
1062.5632, -37.970
1062.5671, -37.659
1062.5711, -37.030
1062.5750, -36.002
1062.5789, -33.484
1062.5829, -31.290
1062.5868, -29.218
1062.5908, -27.544
1062.5947, -26.489
1062.5987, -25.082
1062.6026, -24.269
1062.6066, -23.753
1062.6105, -23.495
1062.6145, -23.628
1062.6184, -24.028
1062.6224, -24.504
1062.6263, -25.561
1062.6303, -26.838
1062.6342, -28.491
1062.6382, -30.701
1062.6421, -32.463
1062.6461, -34.845
1062.6500, -36.235
1062.6539, -36.765
1062.6579, -37.215
1062.6618, -37.640
1062.6658, -38.251
1062.6697, -38.407
1062.6737, -38.130
1062.6776, -37.845
1062.6816, -37.505
1062.6855, -36.768
1062.6895, -35.604
1062.6934, -33.218
1062.6974, -31.210
1062.7013, -29.242
1062.7053, -27.540
1062.7092, -26.371
1062.7132, -24.784
1062.7171, -23.807
1062.7211, -23.104
1062.7250, -22.714
1062.7289, -22.728
1062.7329, -23.023
1062.7368, -23.433
1062.7408, -24.443
1062.7447, -25.746
1062.7487, -27.505
1062.7526, -30.070
1062.7566, -32.087
1062.7605, -34.288
1062.7645, -35.541
1062.7684, -36.110
1062.7724, -36.723
1062.7763, -37.513
1062.7803, -38.173
1062.7842, -38.292
1062.7882, -38.199
1062.7921, -38.130
1062.7961, -38.012
1062.8000, -37.451
1062.8039, -36.394
1062.8079, -34.095
1062.8118, -32.138
1062.8158, -30.239
1062.8197, -28.610
1062.8237, -27.529
1062.8276, -25.959
1062.8316, -24.907
1062.8355, -24.289
1062.8395, -23.954
1062.8434, -23.998
1062.8474, -24.318
1062.8513, -24.753
1062.8553, -25.825
1062.8592, -27.178
1062.8632, -29.152
1062.8671, -31.780
1062.8711, -33.343
1062.8750, -35.462
1062.8789, -36.526
1062.8829, -37.002
1062.8868, -37.574
1062.8908, -38.237
1062.8947, -38.654
1062.8987, -38.596
1062.9026, -38.314
1062.9066, -38.135
1062.9105, -37.738
1062.9145, -36.711
1062.9184, -35.474
1062.9224, -33.264
1062.9263, -31.453
1062.9303, -29.599
1062.9342, -27.830
1062.9382, -25.938
1062.9421, -24.426
1062.9461, -23.651
1062.9500, -22.848
1062.9539, -22.474
1062.9579, -22.503
1062.9618, -22.805
1062.9658, -23.266
1062.9697, -24.433
1062.9737, -25.957
1062.9776, -28.008
1062.9816, -30.744
1062.9855, -32.734
1062.9895, -34.686
1062.9934, -35.525
1062.9974, -36.160
1063.0013, -36.987
1063.0053, -37.753
1063.0092, -38.122
1063.0132, -38.096
1063.0171, -38.079
1063.0211, -38.127
1063.0250, -37.702
1063.0289, -36.651
1063.0329, -35.475
1063.0368, -33.309
1063.0408, -31.514
1063.0447, -29.564
1063.0487, -27.754
1063.0526, -26.127
1063.0566, -24.907
1063.0605, -24.337
1063.0645, -23.809
1063.0684, -23.619
1063.0724, -23.786
1063.0763, -24.238
1063.0803, -25.095
1063.0842, -26.348
1063.0882, -27.580
1063.0921, -30.038
1063.0961, -32.776
1063.1000, -34.815
1063.1039, -36.080
1063.1079, -36.496
1063.1118, -37.161
1063.1158, -37.959
1063.1197, -38.531
1063.1237, -38.620
1063.1276, -38.433
1063.1316, -38.336
1063.1355, -38.237
1063.1395, -37.366
1063.1434, -35.984
1063.1474, -34.250
1063.1513, -32.558
1063.1553, -31.237
1063.1592, -28.897
1063.1632, -26.846
1063.1671, -25.094
1063.1711, -23.952
1063.1750, -23.237
1063.1789, -22.795
1063.1829, -22.719
1063.1868, -22.962
1063.1908, -23.528
1063.1947, -24.546
1063.1987, -26.017
1063.2026, -27.451
1063.2066, -30.283
1063.2105, -33.212
1063.2145, -34.855
1063.2184, -35.677
1063.2224, -36.258
1063.2263, -37.049
1063.2303, -37.659
1063.2342, -38.144
1063.2382, -38.125
1063.2421, -38.084
1063.2461, -38.115
1063.2500, -37.670
1063.2539, -36.503
1063.2579, -35.270
1063.2618, -33.121
1063.2658, -31.214
1063.2697, -29.133
1063.2737, -27.319
1063.2776, -26.116
1063.2816, -24.618
1063.2855, -23.772
1063.2895, -23.291
1063.2934, -23.153
1063.2974, -23.418
1063.3013, -23.999
1063.3053, -24.671
1063.3092, -26.187
1063.3132, -28.040
1063.3171, -30.304
1063.3211, -33.062
1063.3250, -34.585
1063.3289, -35.800
1063.3329, -36.428
1063.3368, -37.218
1063.3408, -38.104
1063.3447, -38.472
1063.3487, -38.432
1063.3526, -38.360
1063.3566, -38.356
1063.3605, -38.119
1063.3645, -37.008
1063.3684, -35.534
1063.3724, -34.316
1063.3763, -32.216
1063.3803, -30.325
1063.3842, -28.234
1063.3882, -26.412
1063.3921, -24.905
1063.3961, -23.933
1063.4000, -23.495
1063.4039, -23.113
1063.4079, -23.144
1063.4118, -23.586
1063.4158, -24.324
1063.4197, -25.107
1063.4237, -26.920
1063.4276, -29.239
1063.4316, -32.029
1063.4355, -34.558
1063.4395, -35.605
1063.4434, -36.224
1063.4474, -36.733
1063.4513, -37.699
1063.4553, -38.312
1063.4592, -38.334
1063.4632, -38.213
1063.4671, -38.222
1063.4711, -38.076
1063.4750, -37.515
1063.4789, -35.909
1063.4829, -34.355
1063.4868, -32.591
1063.4908, -30.813
1063.4947, -29.328
1063.4987, -26.914
1063.5026, -25.153
1063.5066, -23.959
1063.5105, -23.201
1063.5145, -22.840
1063.5184, -22.803
1063.5224, -23.003
1063.5263, -23.738
1063.5303, -24.864
1063.5342, -26.495
1063.5382, -28.729
1063.5421, -30.665
1063.5461, -33.553
1063.5500, -35.151
1063.5539, -35.813
1063.5579, -36.452
1063.5618, -37.350
1063.5658, -38.167
1063.5697, -38.369
1063.5737, -38.363
1063.5776, -38.468
1063.5816, -38.526
1063.5855, -38.017
1063.5895, -37.141
1063.5934, -35.548
1063.5974, -34.188
1063.6013, -32.445
1063.6053, -30.476
1063.6092, -28.151
1063.6132, -26.185
1063.6171, -25.009
1063.6211, -23.857
1063.6250, -23.336
1063.6289, -23.241
1063.6329, -23.463
1063.6368, -24.080
1063.6408, -25.033
1063.6447, -25.995
1063.6487, -28.172
1063.6526, -30.956
1063.6566, -33.550
1063.6605, -35.324
1063.6645, -35.847
1063.6684, -36.519
1063.6724, -37.348
1063.6763, -38.117
1063.6803, -38.433
1063.6842, -38.334
1063.6882, -38.325
1063.6921, -38.399
1063.6961, -38.014
1063.7000, -36.986
1063.7039, -35.570
1063.7079, -34.224
1063.7118, -33.107
1063.7158, -30.750
1063.7197, -28.506
1063.7237, -26.258
1063.7276, -24.572
1063.7316, -23.499
1063.7355, -22.838
1063.7395, -22.598
1063.7434, -22.589
1063.7474, -22.911
1063.7513, -23.654
1063.7553, -24.815
1063.7592, -25.974
1063.7632, -28.706
1063.7671, -31.709
1063.7711, -33.602
1063.7750, -35.060
1063.7789, -35.696
1063.7829, -36.425
1063.7868, -37.118
1063.7908, -38.003
1063.7947, -38.280
1063.7987, -38.295
1063.8026, -38.477
1063.8066, -38.628
1063.8105, -38.128
1063.8145, -37.051
1063.8184, -35.757
1063.8224, -34.458
1063.8263, -32.653
1063.8303, -30.592
1063.8342, -28.986
1063.8382, -26.688
1063.8421, -25.093
1063.8461, -24.099
1063.8500, -23.510
1063.8539, -23.323
1063.8579, -23.463
1063.8618, -23.812
1063.8658, -24.824
1063.8697, -26.205
1063.8737, -28.146
1063.8776, -30.829
1063.8816, -32.822
1063.8855, -34.989
1063.8895, -35.914
1063.8934, -36.475
1063.8974, -37.290
1063.9013, -38.086
1063.9053, -38.488
1063.9092, -38.445
1063.9132, -38.419
1063.9171, -38.559
1063.9211, -38.318
1063.9250, -37.434
1063.9289, -36.512
1063.9329, -35.122
1063.9368, -33.856
1063.9408, -31.824
1063.9447, -29.482
1063.9487, -26.936
1063.9526, -24.908
1063.9566, -23.916
1063.9605, -22.966
1063.9645, -22.495
1063.9684, -22.444
1063.9724, -22.687
1063.9763, -23.119
1063.9803, -24.337
1063.9842, -25.990
1063.9882, -28.154
1063.9921, -30.980
1063.9961, -33.410
1064.0000, -34.893
1064.0039, -35.343
1064.0079, -36.148
1064.0118, -37.085
1064.0158, -37.845
1064.0197, -38.169
1064.0237, -38.206
1064.0276, -38.403
1064.0316, -38.589
1064.0355, -38.299
1064.0395, -37.377
1064.0434, -36.116
1064.0474, -34.881
1064.0513, -33.710
1064.0553, -31.184
1064.0592, -28.918
1064.0632, -26.791
1064.0671, -25.164
1064.0711, -24.161
1064.0750, -23.554
1064.0789, -23.335
1064.0829, -23.376
1064.0868, -23.751
1064.0908, -24.593
1064.0947, -25.859
1064.0987, -27.112
1064.1026, -29.768
1064.1066, -32.713
1064.1105, -34.705
1064.1145, -35.791
1064.1184, -36.347
1064.1224, -37.064
1064.1263, -37.701
1064.1303, -38.413
1064.1342, -38.525
1064.1382, -38.470
1064.1421, -38.616
1064.1461, -38.703
1064.1500, -38.118
1064.1539, -37.075
1064.1579, -35.982
1064.1618, -34.939
1064.1658, -33.142
1064.1697, -30.856
1064.1737, -28.867
1064.1776, -25.997
1064.1816, -24.243
1064.1855, -23.221
1064.1895, -22.593
1064.1934, -22.374
1064.1974, -22.476
1064.2013, -22.815
1064.2053, -23.846
1064.2092, -25.302
1064.2132, -27.337
1064.2171, -30.162
1064.2211, -32.222
1064.2250, -34.193
1064.2289, -35.112
1064.2329, -35.739
1064.2368, -36.612
1064.2408, -37.550
1064.2447, -38.088
1064.2487, -38.106
1064.2526, -38.198
1064.2566, -38.457
1064.2605, -38.284
1064.2645, -37.459
1064.2684, -36.563
1064.2724, -35.059
1064.2763, -33.600
1064.2803, -31.512
1064.2842, -29.321
1064.2882, -27.097
1064.2921, -25.278
1064.2961, -24.364
1064.3000, -23.557
1064.3039, -23.227
1064.3079, -23.285
1064.3118, -23.652
1064.3158, -24.185
1064.3197, -25.533
1064.3237, -27.289
1064.3276, -29.498
1064.3316, -32.385
1064.3355, -34.505
1064.3395, -35.685
1064.3434, -36.087
1064.3474, -36.854
1064.3513, -37.785
1064.3553, -38.375
1064.3592, -38.485
1064.3632, -38.442
1064.3671, -38.614
1064.3711, -38.760
1064.3750, -38.150
1064.3789, -37.032
1064.3829, -35.871
1064.3868, -34.672
1064.3908, -33.378
1064.3947, -30.530
1064.3987, -28.109
1064.4026, -25.833
1064.4066, -24.237
1064.4105, -23.286
1064.4145, -22.690
1064.4184, -22.509
1064.4224, -22.646
1064.4263, -23.128
1064.4303, -24.065
1064.4342, -25.501
1064.4382, -26.910
1064.4421, -29.721
1064.4461, -32.780
1064.4500, -34.493
1064.4539, -35.312
1064.4579, -35.972
1064.4618, -36.881
1064.4658, -37.549
1064.4697, -38.085
1064.4737, -38.111
1064.4776, -38.203
1064.4816, -38.422
1064.4855, -38.350
1064.4895, -37.322
1064.4934, -36.128
1064.4974, -34.868
1064.5013, -33.403
1064.5053, -31.296
1064.5092, -29.069
1064.5132, -27.250
1064.5171, -25.111
1064.5211, -24.008
1064.5250, -23.337
1064.5289, -22.962
1064.5329, -22.944
1064.5368, -23.317
1064.5408, -24.045
1064.5447, -25.255
1064.5487, -27.033
1064.5526, -29.378
1064.5566, -32.424
1064.5605, -34.045
1064.5645, -35.389
1064.5684, -36.011
1064.5724, -36.772
1064.5763, -37.770
1064.5803, -38.349
1064.5842, -38.426
1064.5882, -38.423
1064.5921, -38.661
1064.5961, -38.796
1064.6000, -38.107
1064.6039, -37.019
1064.6079, -36.249
1064.6118, -34.832
1064.6158, -33.080
1064.6197, -30.398
1064.6237, -27.869
1064.6276, -25.652
1064.6316, -24.163
1064.6355, -23.514
1064.6395, -22.911
1064.6434, -22.729
1064.6474, -22.978
1064.6513, -23.567
1064.6553, -24.311
1064.6592, -26.044
1064.6632, -28.224
1064.6671, -30.926
1064.6711, -33.788
1064.6750, -35.051
1064.6789, -35.674
1064.6829, -36.133
1064.6868, -37.126
1064.6908, -37.956
1064.6947, -38.153
1064.6987, -38.094
1064.7026, -38.165
1064.7066, -38.315
1064.7105, -37.925
1064.7145, -36.788
1064.7184, -35.599
1064.7224, -34.325
1064.7263, -32.786
1064.7303, -31.258
1064.7342, -28.422
1064.7382, -26.224
1064.7421, -24.493
1064.7461, -23.402
1064.7500, -22.822
1064.7539, -22.544
1064.7579, -22.583
1064.7618, -23.028
1064.7658, -23.829
1064.7697, -25.161
1064.7737, -27.068
1064.7776, -28.813
1064.7816, -31.977
1064.7855, -34.314
1064.7895, -35.223
1064.7934, -35.843
1064.7974, -36.655
1064.8013, -37.649
1064.8053, -38.126
1064.8092, -38.319
1064.8132, -38.361
1064.8171, -38.656
1064.8211, -38.863
1064.8250, -38.535
1064.8289, -37.448
1064.8329, -36.519
1064.8368, -35.434
1064.8408, -33.759
1064.8447, -31.035
1064.8487, -28.516
1064.8526, -26.900
1064.8566, -24.882
1064.8605, -23.864
1064.8645, -23.348
1064.8684, -23.098
1064.8724, -23.180
1064.8763, -23.719
1064.8803, -24.619
1064.8842, -26.023
1064.8882, -27.997
1064.8921, -30.457
1064.8961, -33.342
1064.9000, -34.719
1064.9039, -35.683
1064.9079, -36.267
1064.9118, -37.099
1064.9158, -37.973
1064.9197, -38.258
1064.9237, -38.201
1064.9276, -38.142
1064.9316, -38.241
1064.9355, -38.054
1064.9395, -36.993
1064.9434, -35.743
1064.9474, -34.873
1064.9513, -33.221
1064.9553, -31.339
1064.9592, -28.854
1064.9632, -26.589
1064.9671, -24.619
1064.9711, -23.329
1064.9750, -22.768
1064.9789, -22.215
1064.9829, -22.112
1064.9868, -22.421
1064.9908, -23.084
1064.9947, -23.846
1064.9987, -25.632
1065.0026, -27.919
1065.0066, -30.587
1065.0105, -33.325
1065.0145, -34.583
1065.0184, -35.264
1065.0224, -35.776
1065.0263, -36.881
1065.0303, -37.813
1065.0342, -38.126
1065.0382, -38.188
1065.0421, -38.351
1065.0461, -38.786
1065.0500, -38.890
1065.0539, -38.223
1065.0579, -37.403
1065.0618, -36.615
1065.0658, -35.462
1065.0697, -33.856
1065.0737, -30.546
1065.0776, -28.061
1065.0816, -25.988
1065.0855, -24.602
1065.0895, -24.005
1065.0934, -23.470
1065.0974, -23.311
1065.1013, -23.573
1065.1053, -24.172
1065.1092, -25.307
1065.1132, -27.047
1065.1171, -28.574
1065.1211, -31.465
1065.1250, -34.083
1065.1289, -35.340
1065.1329, -36.001
1065.1368, -36.639
1065.1408, -37.547
1065.1447, -38.145
1065.1487, -38.422
1065.1526, -38.292
1065.1566, -38.344
1065.1605, -38.456
1065.1645, -38.260
1065.1684, -37.227
1065.1724, -36.151
1065.1763, -35.198
1065.1803, -33.983
1065.1842, -31.501
1065.1882, -28.894
1065.1921, -27.015
1065.1961, -24.564
1065.2000, -23.256
1065.2039, -22.504
1065.2079, -22.041
1065.2118, -21.959
1065.2158, -22.213
1065.2197, -22.814
1065.2237, -23.960
1065.2276, -25.616
1065.2316, -27.773
1065.2355, -30.654
1065.2395, -32.540
1065.2434, -34.248
1065.2474, -34.984
1065.2513, -35.753
1065.2553, -36.783
1065.2592, -37.454
1065.2632, -37.913
1065.2671, -37.970
1065.2711, -38.205
1065.2750, -38.572
1065.2789, -38.496
1065.2829, -37.821
1065.2868, -37.155
1065.2908, -36.179
1065.2947, -34.915
1065.2987, -32.497
1065.3026, -29.974
1065.3066, -28.116
1065.3105, -25.678
1065.3145, -24.285
1065.3184, -23.481
1065.3224, -23.002
1065.3263, -22.957
1065.3303, -23.231
1065.3342, -23.686
1065.3382, -24.958
1065.3421, -26.622
1065.3461, -28.927
1065.3500, -31.908
1065.3539, -33.902
1065.3579, -35.274
1065.3618, -35.698
1065.3658, -36.466
1065.3697, -37.426
1065.3737, -38.155
1065.3776, -38.383
1065.3816, -38.335
1065.3855, -38.476
1065.3895, -38.735
1065.3934, -38.437
1065.3974, -37.580
1065.4013, -36.643
1065.4053, -35.825
1065.4092, -34.905
1065.4132, -32.309
1065.4171, -29.697
1065.4211, -27.054
1065.4250, -25.001
1065.4289, -23.953
1065.4329, -22.971
1065.4368, -22.513
1065.4408, -22.492
1065.4447, -22.784
1065.4487, -23.515
1065.4526, -24.661
1065.4566, -25.798
1065.4605, -28.224
1065.4645, -31.110
1065.4684, -33.428
1065.4724, -34.809
1065.4763, -35.236
1065.4803, -36.016
1065.4842, -36.960
1065.4882, -37.705
1065.4921, -37.972
1065.4961, -37.912
1065.5000, -38.039
1065.5039, -38.242
1065.5079, -37.993
1065.5118, -37.132
1065.5158, -36.160
1065.5197, -35.246
1065.5237, -33.570
1065.5276, -31.148
1065.5316, -29.072
1065.5355, -26.141
1065.5395, -24.301
1065.5434, -23.150
1065.5474, -22.405
1065.5513, -22.116
1065.5553, -22.092
1065.5592, -22.431
1065.5632, -23.215
1065.5671, -24.436
1065.5711, -26.227
1065.5750, -28.685
1065.5789, -30.686
1065.5829, -33.398
1065.5868, -34.611
1065.5908, -35.228
1065.5947, -36.114
1065.5987, -36.889
1065.6026, -37.777
1065.6066, -38.019
1065.6105, -38.123
1065.6145, -38.433
1065.6184, -38.693
1065.6224, -38.422
1065.6263, -37.807
1065.6303, -36.770
1065.6342, -35.791
1065.6382, -33.849
1065.6421, -31.370
1065.6461, -29.405
1065.6500, -26.734
1065.6539, -25.023
1065.6579, -24.016
1065.6618, -23.423
1065.6658, -23.219
1065.6697, -23.348
1065.6737, -23.729
1065.6776, -24.810
1065.6816, -26.276
1065.6855, -28.248
1065.6895, -30.907
1065.6934, -33.367
1065.6974, -35.064
1065.7013, -35.570
1065.7053, -36.233
1065.7092, -37.054
1065.7132, -37.889
1065.7171, -38.288
1065.7211, -38.201
1065.7250, -38.144
1065.7289, -38.305
1065.7329, -38.198
1065.7368, -37.497
1065.7408, -36.338
1065.7447, -35.252
1065.7487, -34.293
1065.7526, -31.799
1065.7566, -29.255
1065.7605, -26.653
1065.7645, -24.636
1065.7684, -23.588
1065.7724, -22.515
1065.7763, -21.919
1065.7803, -21.786
1065.7842, -21.982
1065.7882, -22.598
1065.7921, -23.589
1065.7961, -24.659
1065.8000, -26.949
1065.8039, -29.969
1065.8079, -32.651
1065.8118, -34.067
1065.8158, -34.536
1065.8197, -35.257
1065.8237, -36.186
1065.8276, -37.113
1065.8316, -37.618
1065.8355, -37.666
1065.8395, -37.812
1065.8434, -38.063
1065.8474, -38.211
1065.8513, -37.772
1065.8553, -36.854
1065.8592, -35.921
1065.8632, -35.104
1065.8671, -32.802
1065.8711, -30.262
1065.8750, -27.601
1065.8789, -25.394
1065.8829, -23.983
1065.8868, -23.164
1065.8908, -22.812
1065.8947, -22.661
1065.8987, -22.861
1065.9026, -23.479
1065.9066, -24.534
1065.9105, -26.204
1065.9145, -28.521
1065.9184, -30.522
1065.9224, -33.393
1065.9263, -34.869
1065.9303, -35.491
1065.9342, -36.148
1065.9382, -36.793
1065.9421, -37.808
1065.9461, -38.255
1065.9500, -38.247
1065.9539, -38.354
1065.9579, -38.606
1065.9618, -38.530
1065.9658, -37.989
1065.9697, -36.758
1065.9737, -35.663
1065.9776, -34.117
1065.9816, -32.075
1065.9855, -30.261
1065.9895, -27.375
1065.9934, -25.288
1065.9974, -24.032
1066.0013, -23.285
1066.0053, -22.907
1066.0092, -22.860
1066.0132, -23.083
1066.0171, -23.832
1066.0211, -24.900
1066.0250, -26.469
1066.0289, -28.647
1066.0329, -31.217
1066.0368, -33.805
1066.0408, -34.811
1066.0447, -35.547
1066.0487, -36.158
1066.0526, -37.034
1066.0566, -37.828
1066.0605, -38.004
1066.0645, -37.900
1066.0684, -37.862
1066.0724, -38.015
1066.0763, -37.878
1066.0803, -36.930
1066.0842, -35.733
1066.0882, -34.904
1066.0921, -33.196
1066.0961, -31.133
1066.1000, -28.490
1066.1039, -26.117
1066.1079, -24.197
1066.1118, -22.958
1066.1158, -22.334
1066.1197, -21.764
1066.1237, -21.625
1066.1276, -21.893
1066.1316, -22.496
1066.1355, -23.566
1066.1395, -25.139
1066.1434, -26.600
1066.1474, -29.388
1066.1513, -32.300
1066.1553, -33.879
1066.1592, -34.623
1066.1632, -35.091
1066.1671, -36.149
1066.1711, -37.117
1066.1750, -37.573
1066.1789, -37.678
1066.1829, -37.845
1066.1868, -38.185
1066.1908, -38.298
1066.1947, -37.727
1066.1987, -36.723
1066.2026, -35.430
1066.2066, -33.903
1066.2105, -31.722
1066.2145, -29.486
1066.2184, -27.949
1066.2224, -25.851
1066.2263, -24.552
1066.2303, -23.797
1066.2342, -23.351
1066.2382, -23.263
1066.2421, -23.522
1066.2461, -24.117
1066.2500, -25.149
1066.2539, -26.624
1066.2579, -28.900
1066.2618, -31.729
1066.2658, -33.076
1066.2697, -35.039
1066.2737, -35.880
1066.2776, -36.483
1066.2816, -37.312
1066.2855, -38.127
1066.2895, -38.553
1066.2934, -38.498
1066.2974, -38.405
1066.3013, -38.495
1066.3053, -38.382
1066.3092, -37.691
1066.3132, -36.300
1066.3171, -34.819
1066.3211, -33.651
1066.3250, -31.394
1066.3289, -29.273
1066.3329, -27.084
1066.3368, -25.216
1066.3408, -24.260
1066.3447, -23.301
1066.3487, -22.807
1066.3526, -22.710
1066.3566, -22.910
1066.3605, -23.534
1066.3645, -24.550
1066.3684, -25.591
1066.3724, -27.702
1066.3763, -30.226
1066.3803, -32.799
1066.3842, -34.622
1066.3882, -35.297
1066.3921, -35.869
1066.3961, -36.422
1066.4000, -37.392
1066.4039, -37.877
1066.4079, -37.808
1066.4118, -37.714
1066.4158, -37.776
1066.4197, -37.777
1066.4237, -37.271
1066.4276, -36.072
1066.4316, -34.790
1066.4355, -33.314
1066.4395, -31.581
1066.4434, -29.962
1066.4474, -27.067
1066.4513, -24.859
1066.4553, -23.405
1066.4592, -22.468
1066.4632, -21.917
1066.4671, -21.685
1066.4711, -21.736
1066.4750, -22.165
1066.4789, -22.916
1066.4829, -24.157
1066.4868, -25.930
1066.4908, -28.569
1066.4947, -31.620
1066.4987, -32.859
1066.5026, -34.294
1066.5066, -34.894
1066.5105, -35.648
1066.5145, -36.627
1066.5184, -37.261
1066.5224, -37.740
1066.5263, -37.841
1066.5303, -38.105
1066.5342, -38.439
1066.5382, -38.251
1066.5421, -37.511
1066.5461, -36.726
1066.5500, -35.247
1066.5539, -33.682
1066.5579, -31.472
1066.5618, -29.264
1066.5658, -27.201
1066.5697, -25.553
1066.5737, -24.717
1066.5776, -23.937
1066.5816, -23.608
1066.5855, -23.671
1066.5895, -24.027
1066.5934, -24.524
1066.5974, -25.747
1066.6013, -27.330
1066.6053, -29.422
1066.6092, -32.274
1066.6132, -34.563
1066.6171, -35.884
1066.6211, -36.285
1066.6250, -36.983
1066.6289, -37.843
1066.6329, -38.537
1066.6368, -38.742
1066.6408, -38.616
1066.6447, -38.630
1066.6487, -38.722
1066.6526, -38.368
1066.6566, -37.378
1066.6605, -35.922
1066.6645, -34.403
1066.6684, -32.446
1066.6724, -30.325
1066.6763, -28.698
1066.6803, -26.327
1066.6842, -24.706
1066.6882, -23.666
1066.6921, -22.999
1066.6961, -22.746
1066.7000, -22.763
1066.7039, -23.128
1066.7079, -23.903
1066.7118, -25.057
1066.7158, -26.693
1066.7197, -28.954
1066.7237, -30.932
1066.7276, -33.630
1066.7316, -34.922
1066.7355, -35.477
1066.7395, -36.077
1066.7434, -36.908
1066.7474, -37.623
1066.7513, -37.722
1066.7553, -37.525
1066.7592, -37.421
1066.7632, -37.420
1066.7671, -37.112
1066.7711, -35.894
1066.7750, -34.263
1066.7789, -32.883
1066.7829, -30.597
1066.7868, -28.604
1066.7908, -26.355
1066.7947, -24.452
1066.7987, -23.431
1066.8026, -22.392
1066.8066, -21.781
1066.8105, -21.556
1066.8145, -21.614
1066.8184, -22.094
1066.8224, -22.909
1066.8263, -23.766
1066.8303, -25.648
1066.8342, -27.857
1066.8382, -30.350
1066.8421, -32.872
1066.8461, -34.055
1066.8500, -34.691
1066.8539, -35.178
1066.8579, -36.283
1066.8618, -37.210
1066.8658, -37.548
1066.8697, -37.628
1066.8737, -37.737
1066.8776, -38.008
1066.8816, -37.973
1066.8855, -37.099
1066.8895, -35.753
1066.8934, -34.074
1066.8974, -32.326
1066.9013, -30.817
1066.9053, -28.374
1066.9092, -26.525
1066.9132, -25.015
1066.9171, -24.084
1066.9211, -23.610
1066.9250, -23.434
1066.9289, -23.549
1066.9329, -24.097
1066.9368, -24.991
1066.9408, -26.423
1066.9447, -28.255
1066.9487, -30.426
1066.9526, -33.187
1066.9566, -34.682
1066.9605, -35.899
1066.9645, -36.516
1066.9684, -37.282
1066.9724, -38.182
1066.9763, -38.603
1066.9803, -38.720
1066.9842, -38.636
1066.9882, -38.677
1066.9921, -38.705
1066.9961, -38.096
1067.0000, -36.823
1067.0039, -35.535
1067.0079, -33.312
1067.0118, -31.385
1067.0158, -29.326
1067.0197, -27.478
1067.0237, -25.742
1067.0276, -24.520
1067.0316, -23.968
1067.0355, -23.476
1067.0395, -23.368
1067.0434, -23.644
1067.0474, -24.227
1067.0513, -24.885
1067.0553, -26.367
1067.0592, -28.222
1067.0632, -30.639
1067.0671, -33.376
1067.0711, -34.986
1067.0750, -35.805
1067.0789, -36.104
1067.0829, -36.788
1067.0868, -37.503
1067.0908, -37.836
1067.0947, -37.735
1067.0987, -37.485
1067.1026, -37.380
1067.1066, -37.260
1067.1105, -36.328
1067.1145, -34.936
1067.1184, -33.201
1067.1224, -31.478
1067.1263, -29.456
1067.1303, -27.434
1067.1342, -25.826
1067.1382, -23.776
1067.1421, -22.561
1067.1461, -21.656
1067.1500, -21.135
1067.1539, -21.019
1067.1579, -21.224
1067.1618, -21.748
1067.1658, -22.705
1067.1697, -24.101
1067.1737, -26.000
1067.1776, -28.492
1067.1816, -30.400
1067.1855, -32.847
1067.1895, -33.809
1067.1934, -34.348
1067.1974, -35.155
1067.2013, -36.051
1067.2053, -36.639
1067.2092, -36.703
1067.2132, -36.664
1067.2171, -36.758
1067.2211, -36.780
1067.2250, -36.273
1067.2289, -35.301
1067.2329, -33.309
1067.2368, -31.532
1067.2408, -29.556
1067.2447, -27.676
1067.2487, -25.703
1067.2526, -24.178
1067.2566, -23.401
1067.2605, -22.533
1067.2645, -22.083
1067.2684, -22.024
1067.2724, -22.243
1067.2763, -22.861
1067.2803, -23.812
1067.2842, -24.760
1067.2882, -26.841
1067.2921, -29.272
1067.2961, -31.954
1067.3000, -34.105
1067.3039, -34.892
1067.3079, -35.455
1067.3118, -35.980
1067.3158, -37.045
1067.3197, -37.843
1067.3237, -38.065
1067.3276, -38.146
1067.3316, -38.287
1067.3355, -38.486
1067.3395, -38.214
1067.3434, -37.109
1067.3474, -35.666
1067.3513, -33.901
1067.3553, -32.118
1067.3592, -30.655
1067.3632, -28.412
1067.3671, -26.743
1067.3711, -25.437
1067.3750, -24.654
1067.3789, -24.303
1067.3829, -24.194
1067.3868, -24.332
1067.3908, -24.920
1067.3947, -25.800
1067.3987, -27.132
1067.4026, -28.945
1067.4066, -31.187
1067.4105, -33.821
1067.4145, -35.144
1067.4184, -36.274
1067.4224, -36.761
1067.4263, -37.277
1067.4303, -37.966
1067.4342, -38.360
1067.4382, -38.388
1067.4421, -38.071
1067.4461, -37.816
1067.4500, -37.604
1067.4539, -36.889
1067.4579, -35.472
1067.4618, -34.030
1067.4658, -31.557
1067.4697, -29.541
1067.4737, -27.528
1067.4776, -25.677
1067.4816, -24.181
1067.4855, -23.183
1067.4895, -22.598
1067.4934, -22.032
1067.4974, -21.905
1067.5013, -22.183
1067.5053, -22.729
1067.5092, -23.313
1067.5132, -24.646
1067.5171, -26.271
1067.5211, -28.352
1067.5250, -31.176
1067.5289, -33.291
1067.5329, -34.396
1067.5368, -34.713
1067.5408, -35.284
1067.5447, -35.988
1067.5487, -36.572
1067.5526, -36.771
1067.5566, -36.579
1067.5605, -36.452
1067.5645, -36.443
1067.5684, -35.973
1067.5724, -34.855
1067.5763, -33.182
1067.5803, -31.529
1067.5842, -29.558
1067.5882, -27.502
1067.5921, -25.768
1067.5961, -23.502
1067.6000, -22.153
1067.6039, -21.081
1067.6079, -20.439
1067.6118, -20.256
1067.6158, -20.357
1067.6197, -20.764
1067.6237, -21.566
1067.6276, -22.798
1067.6316, -24.574
1067.6355, -26.959
1067.6395, -28.823
1067.6434, -31.612
1067.6474, -33.016
1067.6513, -33.545
1067.6553, -34.246
1067.6592, -35.144
1067.6632, -35.908
1067.6671, -36.098
1067.6711, -36.102
1067.6750, -36.149
1067.6789, -36.227
1067.6829, -35.934
1067.6868, -35.062
1067.6908, -32.874
1067.6947, -30.894
1067.6987, -28.888
1067.7026, -26.932
1067.7066, -25.172
1067.7105, -23.965
1067.7145, -23.300
1067.7184, -22.532
1067.7224, -22.201
1067.7263, -22.270
1067.7303, -22.615
1067.7342, -23.312
1067.7382, -24.350
1067.7421, -25.320
1067.7461, -27.311
1067.7500, -29.614
1067.7539, -32.098
1067.7579, -34.195
1067.7618, -35.095
1067.7658, -35.714
1067.7697, -36.255
1067.7737, -37.326
1067.7776, -38.114
1067.7816, -38.387
1067.7855, -38.461
1067.7895, -38.563
1067.7934, -38.704
1067.7974, -38.483
1067.8013, -37.384
1067.8053, -35.797
1067.8092, -33.815
1067.8132, -31.925
1067.8171, -30.513
1067.8211, -28.527
1067.8250, -27.103
1067.8289, -25.940
1067.8329, -25.194
1067.8368, -24.905
1067.8408, -24.901
1067.8447, -25.122
1067.8487, -25.808
1067.8526, -26.721
1067.8566, -28.064
1067.8605, -30.221
1067.8645, -32.036
1067.8684, -34.416
1067.8724, -36.238
1067.8763, -37.067
1067.8803, -37.482
1067.8842, -37.980
1067.8882, -38.556
1067.8921, -38.812
1067.8961, -38.621
1067.9000, -38.173
1067.9039, -37.803
1067.9079, -37.420
1067.9118, -36.295
1067.9158, -34.408
1067.9197, -32.682
1067.9237, -30.038
1067.9276, -28.068
1067.9316, -26.146
1067.9355, -24.624
1067.9395, -23.507
1067.9434, -22.696
1067.9474, -22.340
1067.9513, -22.165
1067.9553, -22.341
1067.9592, -22.855
1067.9632, -23.659
1067.9671, -24.478
1067.9711, -26.316
1067.9750, -28.453
1067.9789, -30.778
1067.9829, -33.260
1067.9868, -34.434
1067.9908, -34.958
1067.9947, -35.245
1067.9987, -35.876
1068.0026, -36.427
1068.0066, -36.503
1068.0105, -36.193
1068.0145, -35.856
1068.0184, -35.621
1068.0224, -35.245
1068.0263, -33.674
1068.0303, -31.747
1068.0342, -29.532
1068.0382, -27.550
1068.0421, -25.416
1068.0461, -23.665
1068.0500, -22.659
1068.0539, -21.215
1068.0579, -20.297
1068.0618, -19.831
1068.0658, -19.704
1068.0697, -19.862
1068.0737, -20.480
1068.0776, -21.402
1068.0816, -22.732
1068.0855, -24.517
1068.0895, -26.724
1068.0934, -29.365
1068.0974, -30.983
1068.1013, -32.363
1068.1053, -32.895
1068.1092, -33.546
1068.1132, -34.372
1068.1171, -34.911
1068.1211, -35.008
1068.1250, -34.852
1068.1289, -34.631
1068.1329, -34.450
1068.1368, -33.656
1068.1408, -32.149
1068.1447, -30.571
1068.1487, -27.792
1068.1526, -25.524
1068.1566, -23.725
1068.1605, -22.426
1068.1645, -21.348
1068.1684, -20.616
1068.1724, -20.327
1068.1763, -20.222
1068.1803, -20.444
1068.1842, -21.032
1068.1882, -21.941
1068.1921, -23.201
1068.1961, -24.906
1068.2000, -26.364
1068.2039, -29.134
1068.2079, -31.692
1068.2118, -32.929
1068.2158, -33.664
1068.2197, -34.235
1068.2237, -35.037
1068.2276, -35.731
1068.2316, -36.439
1068.2355, -36.627
1068.2395, -36.657
1068.2434, -36.745
1068.2474, -36.719
1068.2513, -35.846
1068.2553, -34.316
1068.2592, -32.248
1068.2632, -30.291
1068.2671, -28.281
1068.2711, -26.607
1068.2750, -25.461
1068.2789, -24.198
1068.2829, -23.493
1068.2868, -23.124
1068.2908, -23.073
1068.2947, -23.413
1068.2987, -24.039
1068.3026, -24.705
1068.3066, -26.220
1068.3105, -28.103
1068.3145, -30.424
1068.3184, -33.235
1068.3224, -34.742
1068.3263, -35.940
1068.3303, -36.536
1068.3342, -37.189
1068.3382, -38.053
1068.3421, -38.791
1068.3461, -39.162
1068.3500, -39.183
1068.3539, -39.210
1068.3579, -39.225
1068.3618, -38.690
1068.3658, -37.395
1068.3697, -35.252
1068.3737, -33.177
1068.3776, -31.754
1068.3816, -29.761
1068.3855, -28.309
1068.3895, -27.075
1068.3934, -26.325
1068.3974, -26.003
1068.4013, -25.946
1068.4053, -26.127
1068.4092, -26.741
1068.4132, -27.576
1068.4171, -28.726
1068.4211, -30.353
1068.4250, -31.811
1068.4289, -34.032
1068.4329, -36.085
1068.4368, -37.511
1068.4408, -38.280
1068.4447, -38.545
1068.4487, -38.860
1068.4526, -39.144
1068.4566, -39.353
1068.4605, -39.077
1068.4645, -38.444
1068.4684, -37.868
1068.4724, -37.258
1068.4763, -36.241
1068.4803, -34.881
1068.4842, -32.079
1068.4882, -29.759
1068.4921, -27.582
1068.4961, -25.742
1068.5000, -24.374
1068.5039, -23.442
1068.5079, -22.900
1068.5118, -22.389
1068.5158, -22.271
1068.5197, -22.521
1068.5237, -23.071
1068.5276, -23.671
1068.5316, -24.981
1068.5355, -26.525
1068.5395, -28.409
1068.5434, -30.791
1068.5474, -32.919
1068.5513, -34.330
1068.5553, -34.726
1068.5592, -35.049
1068.5632, -35.372
1068.5671, -35.762
1068.5711, -35.934
1068.5750, -35.518
1068.5789, -34.884
1068.5829, -34.460
1068.5868, -33.774
1068.5908, -32.675
1068.5947, -30.317
1068.5987, -27.887
1068.6026, -25.983
1068.6066, -23.515
1068.6105, -22.079
1068.6145, -20.837
1068.6184, -19.913
1068.6224, -19.335
1068.6263, -19.055
1068.6303, -19.082
1068.6342, -19.484
1068.6382, -20.151
1068.6421, -21.162
1068.6461, -22.536
1068.6500, -24.164
1068.6539, -26.175
1068.6579, -27.705
1068.6618, -30.041
1068.6658, -31.663
1068.6697, -32.195
1068.6737, -32.494
1068.6776, -32.936
1068.6816, -33.462
1068.6855, -33.700
1068.6895, -33.483
1068.6934, -32.986
1068.6974, -32.541
1068.7013, -32.028
1068.7053, -31.236
1068.7092, -28.977
1068.7132, -26.599
1068.7171, -23.973
1068.7211, -22.089
1068.7250, -20.556
1068.7289, -19.269
1068.7329, -18.600
1068.7368, -17.908
1068.7408, -17.626
1068.7447, -17.721
1068.7487, -18.089
1068.7526, -18.797
1068.7566, -19.787
1068.7605, -20.675
1068.7645, -22.473
1068.7684, -24.542
1068.7724, -26.726
1068.7763, -28.975
1068.7803, -30.036
1068.7842, -30.892
1068.7882, -31.311
1068.7921, -31.820
1068.7961, -32.417
1068.8000, -32.708
1068.8039, -32.596
1068.8079, -32.305
1068.8118, -31.876
1068.8158, -31.430
1068.8197, -30.123
1068.8237, -28.125
1068.8276, -25.443
1068.8316, -23.234
1068.8355, -21.931
1068.8395, -20.146
1068.8434, -18.951
1068.8474, -18.135
1068.8513, -17.599
1068.8553, -17.436
1068.8592, -17.553
1068.8632, -17.853
1068.8671, -18.658
1068.8711, -19.683
1068.8750, -21.021
1068.8789, -22.712
1068.8829, -24.154
1068.8868, -26.638
1068.8908, -28.862
1068.8947, -30.268
1068.8987, -31.038
1068.9026, -31.434
1068.9066, -31.965
1068.9105, -32.453
1068.9145, -32.938
1068.9184, -32.915
1068.9224, -32.586
1068.9263, -32.278
1068.9303, -31.762
1068.9342, -30.631
1068.9382, -29.095
1068.9421, -25.940
1068.9461, -23.626
1068.9500, -21.863
1068.9539, -20.511
1068.9579, -19.722
1068.9618, -18.812
1068.9658, -18.333
1068.9697, -18.210
1068.9737, -18.394
1068.9776, -18.992
1068.9816, -19.891
1068.9855, -20.704
1068.9895, -22.284
1068.9934, -24.063
1068.9974, -26.056
1069.0013, -28.341
1069.0053, -30.245
1069.0092, -31.602
1069.0132, -31.987
1069.0171, -32.476
1069.0211, -33.125
1069.0250, -33.791
1069.0289, -34.139
1069.0329, -33.992
1069.0368, -33.731
1069.0408, -33.568
1069.0447, -32.991
1069.0487, -31.704
1069.0526, -29.279
1069.0566, -26.901
1069.0605, -24.611
1069.0645, -22.947
1069.0684, -22.094
1069.0724, -20.885
1069.0763, -20.123
1069.0803, -19.731
1069.0842, -19.665
1069.0882, -19.992
1069.0921, -20.590
1069.0961, -21.236
1069.1000, -22.554
1069.1039, -24.035
1069.1079, -25.842
1069.1118, -28.111
1069.1158, -30.386
1069.1197, -32.397
1069.1237, -33.070
1069.1276, -33.580
1069.1316, -34.050
1069.1355, -34.731
1069.1395, -35.402
1069.1434, -35.650
1069.1474, -35.577
1069.1513, -35.346
1069.1553, -35.112
1069.1592, -34.587
1069.1632, -32.978
1069.1671, -30.776
1069.1711, -28.970
1069.1750, -26.226
1069.1789, -24.455
1069.1829, -23.280
1069.1868, -22.425
1069.1908, -21.934
1069.1947, -21.735
1069.1987, -21.808
1069.2026, -22.279
1069.2066, -23.037
1069.2105, -24.146
1069.2145, -25.576
1069.2184, -27.217
1069.2224, -29.147
1069.2263, -30.758
1069.2303, -33.255
1069.2342, -34.870
1069.2382, -35.652
1069.2421, -36.121
1069.2461, -36.670
1069.2500, -37.412
1069.2539, -37.890
1069.2579, -38.161
1069.2618, -38.056
1069.2658, -37.895
1069.2697, -37.651
1069.2737, -36.651
1069.2776, -34.909
1069.2816, -33.257
1069.2855, -30.600
1069.2895, -28.639
1069.2934, -26.984
1069.2974, -25.677
1069.3013, -24.896
1069.3053, -24.473
1069.3092, -24.374
1069.3132, -24.561
1069.3171, -25.023
1069.3211, -25.850
1069.3250, -26.985
1069.3289, -28.448
1069.3329, -30.408
1069.3368, -32.085
1069.3408, -34.478
1069.3447, -36.396
1069.3487, -37.648
1069.3526, -38.333
1069.3566, -38.860
1069.3605, -39.604
1069.3645, -40.148
1069.3684, -40.711
1069.3724, -40.818
1069.3763, -40.716
1069.3803, -40.624
1069.3842, -40.444
1069.3882, -39.146
1069.3921, -37.099
1069.3961, -34.597
1069.4000, -32.539
1069.4039, -30.809
1069.4079, -29.467
1069.4118, -28.722
1069.4158, -27.912
1069.4197, -27.528
1069.4237, -27.524
1069.4276, -27.834
1069.4316, -28.547
1069.4355, -29.538
1069.4395, -30.429
1069.4434, -32.100
1069.4474, -33.936
1069.4513, -35.967
1069.4553, -38.182
1069.4592, -39.922
1069.4632, -41.109
1069.4671, -41.519
1069.4711, -42.117
1069.4750, -42.836
1069.4789, -43.583
1069.4829, -44.035
1069.4868, -44.059
1069.4908, -43.988
1069.4947, -43.930
1069.4987, -43.478
1069.5026, -42.198
1069.5066, -39.938
1069.5105, -37.735
1069.5145, -35.681
1069.5184, -34.052
1069.5224, -33.065
1069.5263, -31.926
1069.5303, -31.285
1069.5342, -31.019
1069.5382, -31.048
1069.5421, -31.452
1069.5461, -32.139
1069.5500, -32.819
1069.5539, -34.239
1069.5579, -35.820
1069.5618, -37.630
1069.5658, -39.908
1069.5697, -42.034
1069.5737, -43.873
1069.5776, -44.605
1069.5816, -45.214
1069.5855, -45.744
1069.5895, -46.460
1069.5934, -47.209
1069.5974, -47.601
1069.6013, -47.668
1069.6053, -47.584
1069.6092, -47.485
1069.6132, -47.098
1069.6171, -45.572
1069.6211, -43.456
1069.6250, -41.023
1069.6289, -39.020
1069.6329, -37.828
1069.6368, -36.387
1069.6408, -35.515
1069.6447, -35.036
1069.6487, -34.862
1069.6526, -34.962
1069.6566, -35.486
1069.6605, -36.269
1069.6645, -37.368
1069.6684, -38.745
1069.6724, -40.314
1069.6763, -42.149
1069.6803, -43.512
1069.6842, -45.817
1069.6882, -47.766
1069.6921, -48.727
1069.6961, -49.405
1069.7000, -49.816
1069.7039, -50.653
1069.7079, -51.187
1069.7118, -51.681
1069.7158, -51.869
1069.7197, -51.815
1069.7237, -51.715
1069.7276, -51.260
1069.7316, -49.967
1069.7355, -48.362
1069.7395, -45.859
1069.7434, -44.004
1069.7474, -42.383
1069.7513, -41.077
1069.7553, -40.139
1069.7592, -39.497
1069.7632, -39.243
1069.7671, -39.210
1069.7711, -39.498
1069.7750, -40.117
1069.7789, -41.012
1069.7829, -42.192
1069.7868, -43.682
1069.7908, -44.926
1069.7947, -47.212
1069.7987, -49.533
1069.8026, -51.381
1069.8066, -52.638
1069.8105, -53.094
1069.8145, -53.546
1069.8184, -54.010
1069.8224, -54.812
1069.8263, -55.551
1069.8303, -55.788
1069.8342, -55.590
1069.8382, -55.767
1069.8421, -55.349
1069.8461, -54.931
1069.8500, -52.731
1069.8539, -50.544
1069.8579, -48.426
1069.8618, -46.714
1069.8658, -45.399
1069.8697, -44.450
1069.8737, -44.014
1069.8776, -43.714
1069.8816, -43.748
1069.8855, -44.172
1069.8895, -44.875
1069.8934, -45.584
1069.8974, -47.053
1069.9013, -48.655
1069.9053, -50.323
1069.9092, -52.228
1069.9132, -54.078
1069.9171, -56.062
1069.9211, -57.006
1069.9250, -57.569
1069.9289, -58.318
1069.9329, -58.346
1069.9368, -59.726
1069.9408, -59.619
1069.9447, -60.009
1069.9487, -60.103
1069.9526, -60.028
1069.9566, -60.353
1069.9605, -58.648
1069.9645, -57.849
1069.9684, -55.731
1069.9724, -53.833
1069.9763, -52.472
1069.9803, -50.917
1069.9842, -49.824
1069.9882, -49.112
1069.9921, -48.661
1069.9961, -48.589
1070.0000, -48.846
1070.0039, -49.190
1070.0079, -50.078
1070.0118, -51.102
1070.0158, -52.680
1070.0197, -54.196
1070.0237, -55.889
1070.0276, -57.982
1070.0316, -59.088
1070.0355, -60.968
1070.0395, -60.889
1070.0434, -62.302
1070.0474, -63.032
1070.0513, -62.645
1070.0553, -63.080
1070.0592, -63.618
1070.0632, -63.792
1070.0671, -61.248
1070.0711, -64.249
1070.0750, -63.198
1070.0789, -61.337
1070.0829, -60.195
1070.0868, -58.493
1070.0908, -56.912
1070.0947, -55.615
1070.0987, -54.625
1070.1026, -53.831
1070.1066, -53.634
1070.1105, -53.718
1070.1145, -53.687
1070.1184, -54.516
1070.1224, -55.303
1070.1263, -56.599
1070.1303, -57.717
1070.1342, -58.858
1070.1382, -60.313
1070.1421, -62.122
1070.1461, -63.000
1070.1500, -63.102
1070.1539, -64.427
1070.1579, -65.731
1070.1618, -64.331
1070.1658, -65.095
1070.1697, -64.987
1070.1737, -65.589
1070.1776, -65.699
1070.1816, -66.461
1070.1855, -64.161
1070.1895, -66.010
1070.1934, -65.960
1070.1974, -63.621
1070.2013, -64.110
1070.2053, -61.091
1070.2092, -60.909
1070.2132, -59.230
1070.2171, -59.583
1070.2211, -58.751
1070.2250, -58.418
1070.2289, -58.610
1070.2329, -59.072
1070.2368, -59.734
1070.2408, -60.753
1070.2447, -61.539
1070.2487, -62.736
1070.2526, -63.786
1070.2566, -63.888
1070.2605, -65.948
1070.2645, -66.083
1070.2684, -64.102
1070.2724, -65.920
1070.2763, -66.347
1070.2803, -65.189
1070.2842, -68.449
1070.2882, -65.710
1070.2921, -67.090
1070.2961, -64.673
1070.3000, -69.440
1070.3039, -67.336
1070.3079, -66.707
1070.3118, -67.980
1070.3158, -64.666
1070.3197, -65.697
1070.3237, -63.311
1070.3276, -64.433
1070.3316, -62.220
1070.3355, -63.464
1070.3395, -63.114
1070.3434, -62.871
1070.3474, -62.919
1070.3513, -63.696
1070.3553, -64.977
1070.3592, -65.911
1070.3632, -65.228
1070.3671, -66.023
1070.3711, -65.279
1070.3750, -67.413
1070.3789, -72.157
1070.3829, -65.448
1070.3868, -68.567
1070.3908, -68.222
1070.3947, -67.922
1070.3987, -66.932
1070.4026, -68.115
1070.4066, -66.518
1070.4105, -68.256
1070.4145, -66.385
1070.4184, -69.589
1070.4224, -68.810
1070.4263, -64.374
1070.4303, -63.981
1070.4342, -65.980
1070.4382, -68.813
1070.4421, -70.177
1070.4461, -68.188
1070.4500, -66.135
1070.4539, -66.460
1070.4579, -66.920
1070.4618, -65.064
1070.4658, -66.225
1070.4697, -66.258
1070.4737, -67.597
1070.4776, -64.927
1070.4816, -66.541
1070.4855, -64.386
1070.4895, -68.103
1070.4934, -67.436
1070.4974, -68.097
1070.5013, -71.136
1070.5053, -65.707
1070.5092, -67.876
1070.5132, -67.370
1070.5171, -66.345
1070.5211, -69.037
1070.5250, -66.131
1070.5289, -65.921
1070.5329, -67.039
1070.5368, -67.844
1070.5408, -67.453
1070.5447, -66.819
1070.5487, -65.202
1070.5526, -66.206
1070.5566, -72.201
1070.5605, -68.764
1070.5645, -65.369
1070.5684, -67.076
1070.5724, -66.204
1070.5763, -67.576
1070.5803, -65.523
1070.5842, -68.039
1070.5882, -66.149
1070.5921, -67.146
1070.5961, -69.476
1070.6000, -66.674
1070.6039, -71.992
1070.6079, -67.481
1070.6118, -69.810
1070.6158, -68.694
1070.6197, -79.509
1070.6237, -65.251
1070.6276, -69.291
1070.6316, -68.717
1070.6355, -67.808
1070.6395, -65.553
1070.6434, -66.494
1070.6474, -66.897
1070.6513, -67.614
1070.6553, -66.660
1070.6592, -64.648
1070.6632, -70.486
1070.6671, -65.493
1070.6711, -67.502
1070.6750, -65.854
1070.6789, -70.311
1070.6829, -68.073
1070.6868, -67.721
1070.6908, -65.709
1070.6947,-210.000
1070.6987, -65.459
1070.7026, -66.628
1070.7066, -66.406
1070.7105, -67.707
1070.7145, -64.230
1070.7184, -68.871
1070.7224, -68.438
1070.7263, -66.872
1070.7303, -65.497
1070.7342, -66.510
1070.7382, -67.240
1070.7421, -73.560
1070.7461, -65.580
1070.7500, -66.731
1070.7539, -64.951
1070.7579, -66.298
1070.7618, -64.780
1070.7658, -68.626
1070.7697, -67.784
1070.7737, -67.555
1070.7776, -68.568
1070.7816, -65.549
1070.7855, -67.295
1070.7895, -65.987
1070.7934, -67.588
1070.7974, -70.285
1070.8013, -66.138
1070.8053, -65.794
1070.8092, -66.546
1070.8132, -68.634
1070.8171,-210.000
1070.8211, -67.792
1070.8250, -68.262
1070.8289, -64.945
1070.8329, -67.960
1070.8368, -67.275
1070.8408, -67.070
1070.8447, -68.245
1070.8487, -67.360
1070.8526,-210.000
1070.8566, -72.099
1070.8605, -69.189
1070.8645, -66.611
1070.8684, -69.644
1070.8724, -73.612
1070.8763, -65.877
1070.8803, -65.621
1070.8842, -67.016
1070.8882, -65.919
1070.8921, -69.042
1070.8961, -67.955
1070.9000, -70.123
1070.9039, -65.919
1070.9079, -68.919
1070.9118, -66.632
1070.9158, -66.959
1070.9197, -66.029
1070.9237, -67.333
1070.9276, -65.680
1070.9316, -67.197
1070.9355, -66.386
1070.9395, -66.604
1070.9434, -68.042
1070.9474, -72.294
1070.9513, -66.197
1070.9553, -68.960
1070.9592, -68.304
1070.9632, -67.752
1070.9671, -64.527
1070.9711, -68.900
1070.9750, -67.137
1070.9789, -67.564
1070.9829, -68.144
1070.9868, -66.046
1070.9908, -66.513
1070.9947, -66.396
1070.9987, -68.861
1071.0026, -71.143
1071.0066, -67.626
1071.0105, -64.630
1071.0145, -67.820
1071.0184, -66.255
1071.0224, -67.466
1071.0263, -67.626
1071.0303, -68.941
1071.0342, -67.977
1071.0382, -65.503
1071.0421, -68.663
1071.0461, -71.568
1071.0500, -65.469
1071.0539, -67.255
1071.0579, -71.720
1071.0618, -67.363
1071.0658, -64.548
1071.0697, -68.852
1071.0737, -66.168
1071.0776, -67.767
1071.0816, -66.849
1071.0855, -69.534
1071.0895, -65.544
1071.0934, -71.458
1071.0974, -66.867
1071.1013, -68.802
1071.1053, -65.840
1071.1092, -67.452
1071.1132, -65.467
1071.1171, -66.766
1071.1211, -66.492
1071.1250, -66.691
1071.1289, -68.610
1071.1329, -68.026
1071.1368, -65.384
1071.1408, -65.404
1071.1447, -65.787
1071.1487, -65.092
1071.1526, -68.176
1071.1566, -69.893
1071.1605, -65.537
1071.1645, -67.712
1071.1684, -68.305
1071.1724, -69.307
1071.1763, -66.743
1071.1803, -66.433
1071.1842, -68.536
1071.1882, -68.156
1071.1921, -64.441
1071.1961, -68.931
1071.2000, -66.148
1071.2039, -65.496
1071.2079, -67.816
1071.2118, -67.403
1071.2158, -67.325
1071.2197, -70.022
1071.2237, -67.575
1071.2276, -66.053
1071.2316, -67.127
1071.2355, -65.141
1071.2395, -66.380
1071.2434, -66.193
1071.2474, -65.488
1071.2513, -69.630
1071.2553, -65.903
1071.2592, -65.994
1071.2632, -67.089
1071.2671, -68.031
1071.2711, -68.436
1071.2750, -84.662
1071.2789, -65.336
1071.2829, -68.421
1071.2868, -64.231
1071.2908, -68.734
1071.2947, -66.564
1071.2987, -67.436
1071.3026, -70.320
1071.3066, -66.406
1071.3105, -66.486
1071.3145, -64.971
1071.3184, -67.630
1071.3224, -64.963
1071.3263, -66.379
1071.3303, -74.482
1071.3342, -67.217
1071.3382, -67.593
1071.3421, -68.000
1071.3461, -67.897
1071.3500, -71.173
1071.3539, -65.185
1071.3579,-210.000
1071.3618, -65.991
1071.3658, -72.021
1071.3697, -68.323
1071.3737, -67.551
1071.3776, -65.954
1071.3816, -69.329
1071.3855, -66.249
1071.3895, -65.841
1071.3934, -68.083
1071.3974, -65.490
1071.4013, -66.646
1071.4053, -67.701
1071.4092, -70.291
1071.4132, -66.315
1071.4171, -65.610
1071.4211, -66.173
1071.4250, -65.803
1071.4289, -69.010
1071.4329, -67.440
1071.4368, -68.760
1071.4408, -66.960
1071.4447, -68.729
1071.4487, -67.111
1071.4526, -67.873
1071.4566, -66.363
1071.4605, -66.121
1071.4645, -67.084
1071.4684, -67.732
1071.4724, -66.459
1071.4763, -68.344
1071.4803, -64.900
1071.4842, -67.172
1071.4882, -70.464
1071.4921, -66.205
1071.4961, -66.283
1071.5000, -67.053
